Boards,1.11,1.12,1.21,1.22,1.31,1.32,1.41,1.42,1.51,1.61,1.62,2.11,2.12,2.21,2.22,2.31,2.32,2.41,2.42,2.51,2.52,2.61,2.62,3.11,3.12,3.21,3.22,3.31,3.32,3.41,3.42,3.51,3.52,3.61,3.62,3.71,3.72,4.11,4.12,4.21,4.22,4.31,4.32,4.41,4.42,4.51,4.52,4.61,4.62,4.71,4.72
,,,,,,,,,,,,,,,,,,,,,,,,,,,,,,,,,,,,,,,,,,,,,,,,,,,
Burton Custom X,,,,,,,,,,,,,,,,,,,,,,,,https://www.burton.com/us/en/p/mens-burton-custom-x-camber-snowboard/W21-106891.html,https://www.burton.com/us/en/p/mens-burton-custom-x-camber-snowboard/W21-106891.html,,,https://www.burton.com/us/en/p/mens-burton-custom-x-camber-snowboard/W21-106891.html,https://www.burton.com/us/en/p/mens-burton-custom-x-camber-snowboard/W21-106891.html,https://www.burton.com/us/en/p/mens-burton-custom-x-camber-snowboard/W21-106891.html,https://www.burton.com/us/en/p/mens-burton-custom-x-camber-snowboard/W21-106891.html,,,,,,,https://www.burton.com/us/en/p/mens-burton-custom-x-camber-snowboard/W21-106891.html,https://www.burton.com/us/en/p/mens-burton-custom-x-camber-snowboard/W21-106891.html,,,https://www.burton.com/us/en/p/mens-burton-custom-x-camber-snowboard/W21-106891.html,https://www.burton.com/us/en/p/mens-burton-custom-x-camber-snowboard/W21-106891.html,https://www.burton.com/us/en/p/mens-burton-custom-x-camber-snowboard/W21-106891.html,https://www.burton.com/us/en/p/mens-burton-custom-x-camber-snowboard/W21-106891.html,,,,,,
Burton FlyingV,https://www.burton.com/us/en/p/mens-burton-custom-flying-v-snowboard/W21-107071.html,https://www.burton.com/us/en/p/mens-burton-custom-flying-v-snowboard/W21-107071.html,,,https://www.burton.com/us/en/p/mens-burton-custom-flying-v-snowboard/W21-107071.html,https://www.burton.com/us/en/p/mens-burton-custom-flying-v-snowboard/W21-107071.html,,,,,,https://www.burton.com/us/en/p/mens-burton-custom-flying-v-snowboard/W21-107071.html,https://www.burton.com/us/en/p/mens-burton-custom-flying-v-snowboard/W21-107071.html,,,https://www.burton.com/us/en/p/mens-burton-custom-flying-v-snowboard/W21-107071.html,https://www.burton.com/us/en/p/mens-burton-custom-flying-v-snowboard/W21-107071.html,,,,,,,https://www.burton.com/us/en/p/mens-burton-custom-flying-v-snowboard/W21-107071.html,https://www.burton.com/us/en/p/mens-burton-custom-flying-v-snowboard/W21-107071.html,,,https://www.burton.com/us/en/p/mens-burton-custom-flying-v-snowboard/W21-107071.html,https://www.burton.com/us/en/p/mens-burton-custom-flying-v-snowboard/W21-107071.html,,,,,,,,,,,,,,,,,,,,,,
Capita DOA,,,,,,,,,,,,,https://capitasnowboarding.com/collections/snowboards-mens/products/defenders-of-awesome,https://capitasnowboarding.com/collections/snowboards-mens/products/defenders-of-awesome,https://capitasnowboarding.com/collections/snowboards-mens/products/defenders-of-awesome,https://capitasnowboarding.com/collections/snowboards-mens/products/defenders-of-awesome,,,,,,https://capitasnowboarding.com/collections/snowboards-mens/products/defenders-of-awesome,https://capitasnowboarding.com/collections/snowboards-mens/products/defenders-of-awesome,,,https://capitasnowboarding.com/collections/snowboards-mens/products/defenders-of-awesome,https://capitasnowboarding.com/collections/snowboards-mens/products/defenders-of-awesome,https://capitasnowboarding.com/collections/snowboards-mens/products/defenders-of-awesome,https://capitasnowboarding.com/collections/snowboards-mens/products/defenders-of-awesome,,,,,https://capitasnowboarding.com/collections/snowboards-mens/products/defenders-of-awesome,https://capitasnowboarding.com/collections/snowboards-mens/products/defenders-of-awesome,,,,,,,,,,,,,,,,
Capita Mercury,,,,,,,,,,,,https://capitasnowboarding.com/collections/snowboards-mens/products/mercury,https://capitasnowboarding.com/collections/snowboards-mens/products/mercury,,,https://capitasnowboarding.com/collections/snowboards-mens/products/mercury,https://capitasnowboarding.com/collections/snowboards-mens/products/mercury,https://capitasnowboarding.com/collections/snowboards-mens/products/mercury,https://capitasnowboarding.com/collections/snowboards-mens/products/mercury,,,,,https://capitasnowboarding.com/collections/snowboards-mens/products/mercury,https://capitasnowboarding.com/collections/snowboards-mens/products/mercury,,,https://capitasnowboarding.com/collections/snowboards-mens/products/mercury,https://capitasnowboarding.com/collections/snowboards-mens/products/mercury,https://capitasnowboarding.com/collections/snowboards-mens/products/mercury,https://capitasnowboarding.com/collections/snowboards-mens/products/mercury,,,,,,,,,,,,,,,,,,,,
Capita Outsiders,,,,,,,,,,,,https://capitasnowboarding.com/collections/snowboards-mens/products/the-outsiders,https://capitasnowboarding.com/collections/snowboards-mens/products/the-outsiders,https://capitasnowboarding.com/collections/snowboards-mens/products/the-outsiders,https://capitasnowboarding.com/collections/snowboards-mens/products/the-outsiders,https://capitasnowboarding.com/collections/snowboards-mens/products/the-outsiders,https://capitasnowboarding.com/collections/snowboards-mens/products/the-outsiders,,,,,https://capitasnowboarding.com/collections/snowboards-mens/products/the-outsiders,https://capitasnowboarding.com/collections/snowboards-mens/products/the-outsiders,https://capitasnowboarding.com/collections/snowboards-mens/products/the-outsiders,https://capitasnowboarding.com/collections/snowboards-mens/products/the-outsiders,https://capitasnowboarding.com/collections/snowboards-mens/products/the-outsiders,https://capitasnowboarding.com/collections/snowboards-mens/products/the-outsiders,,,,,,,https://capitasnowboarding.com/collections/snowboards-mens/products/the-outsiders,https://capitasnowboarding.com/collections/snowboards-mens/products/the-outsiders,,,,,,,,,,,,,https://capitasnowboarding.com/collections/snowboards-mens/products/the-outsiders,https://capitasnowboarding.com/collections/snowboards-mens/products/the-outsiders,,
Capita Super DOA,,,,,,,,,,,,,,,,,,,,,,,,https://capitasnowboarding.com/collections/snowboards-mens/products/superdoa,https://capitasnowboarding.com/collections/snowboards-mens/products/superdoa,,,https://capitasnowboarding.com/collections/snowboards-mens/products/superdoa,https://capitasnowboarding.com/collections/snowboards-mens/products/superdoa,,,,,,,,,,,,,,,,,,,,,,
Capita Supernova,,,,,,,,,,,,,,,,,,,,,,,,https://capitasnowboarding.com/products/supernova,https://capitasnowboarding.com/products/supernova,,,https://capitasnowboarding.com/products/supernova,https://capitasnowboarding.com/products/supernova,,,,,,,,,https://capitasnowboarding.com/products/supernova,https://capitasnowboarding.com/products/supernova,,,https://capitasnowboarding.com/products/supernova,https://capitasnowboarding.com/products/supernova,,,,,,,,
Capita The Asymulator,,,,,,,,,,,,https://capitasnowboarding.com/collections/snowboards-mens/products/the-asymulator,https://capitasnowboarding.com/collections/snowboards-mens/products/the-asymulator,https://capitasnowboarding.com/collections/snowboards-mens/products/the-asymulator,https://capitasnowboarding.com/collections/snowboards-mens/products/the-asymulator,https://capitasnowboarding.com/collections/snowboards-mens/products/the-asymulator,https://capitasnowboarding.com/collections/snowboards-mens/products/the-asymulator,,,,,,,https://capitasnowboarding.com/collections/snowboards-mens/products/the-asymulator,https://capitasnowboarding.com/collections/snowboards-mens/products/the-asymulator,https://capitasnowboarding.com/collections/snowboards-mens/products/the-asymulator,https://capitasnowboarding.com/collections/snowboards-mens/products/the-asymulator,https://capitasnowboarding.com/collections/snowboards-mens/products/the-asymulator,https://capitasnowboarding.com/collections/snowboards-mens/products/the-asymulator,,,,,,,,,,,,,,,,,,,,,,
Lib Tech BoxScratcher,,,https://www.lib-tech.com/box-scratcher,,https://www.lib-tech.com/box-scratcher,,,,,,,,,https://www.lib-tech.com/box-scratcher,,https://www.lib-tech.com/box-scratcher,,,,,,,,,,https://www.lib-tech.com/box-scratcher,https://www.lib-tech.com/box-scratcher,https://www.lib-tech.com/box-scratcher,,,,,,,,,,,,,,,,,,,,,,,
Lib Tech Skate Banana,https://www.lib-tech.com/skate-banana,https://www.lib-tech.com/skate-banana,https://www.lib-tech.com/skate-banana,https://www.lib-tech.com/skate-banana,https://www.lib-tech.com/skate-banana,https://www.lib-tech.com/skate-banana,,,,https://www.lib-tech.com/skate-banana,,,,https://www.lib-tech.com/skate-banana,https://www.lib-tech.com/skate-banana,https://www.lib-tech.com/skate-banana,https://www.lib-tech.com/skate-banana,,,,,https://www.lib-tech.com/skate-banana,https://www.lib-tech.com/skate-banana,,,https://www.lib-tech.com/skate-banana,https://www.lib-tech.com/skate-banana,https://www.lib-tech.com/skate-banana,https://www.lib-tech.com/skate-banana,,,,,https://www.lib-tech.com/skate-banana,https://www.lib-tech.com/skate-banana,,,,,,,,,,,,,,,,
Lib Tech Skunk Ape,,,,,,,,,,,,https://www.lib-tech.com/skunk-ape,https://www.lib-tech.com/skunk-ape,,,https://www.lib-tech.com/skunk-ape,https://www.lib-tech.com/skunk-ape,https://www.lib-tech.com/skunk-ape,https://www.lib-tech.com/skunk-ape,,,,,https://www.lib-tech.com/skunk-ape,https://www.lib-tech.com/skunk-ape,,,https://www.lib-tech.com/skunk-ape,https://www.lib-tech.com/skunk-ape,https://www.lib-tech.com/skunk-ape,https://www.lib-tech.com/skunk-ape,,,,,,,,,,,,,,,,,,,,
Lib Tech T-Rice Pro,,,,,,,,,,,,https://www.lib-tech.com/t-rice-pro,,https://www.lib-tech.com/t-rice-pro,,,,https://www.lib-tech.com/t-rice-pro,https://www.lib-tech.com/t-rice-pro,,,,,https://www.lib-tech.com/t-rice-pro,https://www.lib-tech.com/t-rice-pro,https://www.lib-tech.com/t-rice-pro,https://www.lib-tech.com/t-rice-pro,,,https://www.lib-tech.com/t-rice-pro,https://www.lib-tech.com/t-rice-pro,,,,,,,,,,,,,,,,,,,,
Ride War Pig,,,,,,,,,,,,https://ridesnowboards.com/en-us/p/warpig-snowboard?gclid=Cj0KCQiAhP2BBhDdARIsAJEzXlHyzfGYaqYbIpS0DW_og88ERe7l1P2OMaeo_JzPDu2hRZviJ-cnf3oaAhYwEALw_wcB,https://ridesnowboards.com/en-us/p/warpig-snowboard?gclid=Cj0KCQiAhP2BBhDdARIsAJEzXlHyzfGYaqYbIpS0DW_og88ERe7l1P2OMaeo_JzPDu2hRZviJ-cnf3oaAhYwEALw_wcB,,,https://ridesnowboards.com/en-us/p/warpig-snowboard?gclid=Cj0KCQiAhP2BBhDdARIsAJEzXlHyzfGYaqYbIpS0DW_og88ERe7l1P2OMaeo_JzPDu2hRZviJ-cnf3oaAhYwEALw_wcB,https://ridesnowboards.com/en-us/p/warpig-snowboard?gclid=Cj0KCQiAhP2BBhDdARIsAJEzXlHyzfGYaqYbIpS0DW_og88ERe7l1P2OMaeo_JzPDu2hRZviJ-cnf3oaAhYwEALw_wcB,https://ridesnowboards.com/en-us/p/warpig-snowboard?gclid=Cj0KCQiAhP2BBhDdARIsAJEzXlHyzfGYaqYbIpS0DW_og88ERe7l1P2OMaeo_JzPDu2hRZviJ-cnf3oaAhYwEALw_wcB,https://ridesnowboards.com/en-us/p/warpig-snowboard?gclid=Cj0KCQiAhP2BBhDdARIsAJEzXlHyzfGYaqYbIpS0DW_og88ERe7l1P2OMaeo_JzPDu2hRZviJ-cnf3oaAhYwEALw_wcB,,,,,https://ridesnowboards.com/en-us/p/warpig-snowboard?gclid=Cj0KCQiAhP2BBhDdARIsAJEzXlHyzfGYaqYbIpS0DW_og88ERe7l1P2OMaeo_JzPDu2hRZviJ-cnf3oaAhYwEALw_wcB,https://ridesnowboards.com/en-us/p/warpig-snowboard?gclid=Cj0KCQiAhP2BBhDdARIsAJEzXlHyzfGYaqYbIpS0DW_og88ERe7l1P2OMaeo_JzPDu2hRZviJ-cnf3oaAhYwEALw_wcB,,,https://ridesnowboards.com/en-us/p/warpig-snowboard?gclid=Cj0KCQiAhP2BBhDdARIsAJEzXlHyzfGYaqYbIpS0DW_og88ERe7l1P2OMaeo_JzPDu2hRZviJ-cnf3oaAhYwEALw_wcB,https://ridesnowboards.com/en-us/p/warpig-snowboard?gclid=Cj0KCQiAhP2BBhDdARIsAJEzXlHyzfGYaqYbIpS0DW_og88ERe7l1P2OMaeo_JzPDu2hRZviJ-cnf3oaAhYwEALw_wcB,,,,,,,,,,,,,,,,,,,,,,
Ride Super Pig,,,,,,,,,,,,,,,,,,,,,,,,https://ridesnowboards.com/en-us/p/superpig-snowboard,https://ridesnowboards.com/en-us/p/superpig-snowboard,,,https://ridesnowboards.com/en-us/p/superpig-snowboard,https://ridesnowboards.com/en-us/p/superpig-snowboard,,,,,,,,,,,,,,,,,,,,,,